servicio,dias_obs,afluencia_mayo_2026,servicios_programados_modelo_mayo,servicios_con_afluencia_matriz,pax_viaje_modelo_mayo,pax_viaje_matriz_mayo,ref_estacional,solo_oferta_calibrada,conservador_mayo2026,dif_vs_oferta,dif_vs_ref
BIOTREN,31,1039422.0,3531.0,,294.37043330501274,,11089501,12907596,11528639,-1378957,439138
CORTO_LAJA,31,38996.0,290.0,297.0,134.46896551724137,131.2996632996633,438014,501607,459278,-42329,21264
LLANQUIHUE_PM,19,29914.0,420.0,376.0,71.22380952380952,79.55851063829788,433606,436992,420526,-16466,-13080
TREN_ARAUCANIA,31,74371.0,480.6,447.0,154.74615064502703,166.37807606263982,652783,807179,709763,-97416,56980
